X,Y,name,folders,descriptio,altitude,alt_mode,time_begin,time_end,time_when,איזור,זרם,כתובת,מגמה,מגמה �,מגמה2,שם הג�,מספר �,icon_url
35.0868883,32.9886178,אגוז,"גני ילדים בנהריה תשפ""ד","מספר סדורי: 1<br>איזור: שבי צפון <br>שם הגן ותיאור: אגוז (ט.ח)<br>כתובת: שקד 22 נהריה<br>מגמה: טרום חובה מ""מ<br>זרם: טרום חובה<br>מגמה2: מ""מ<br>מגמה בקיצור: (",0.000000000000000,,,,,שבי צפון,טרום חובה,שקד 22 נהריה,"טרום חובה מ""מ",(ט.ח),"מ""מ",אגוז (ט.ח),"1.0",./0.png
35.0872032,32.988396,דובדבן,"גני ילדים בנהריה תשפ""ד","מספר סדורי: 2<br>איזור: שבי צפון<br>שם הגן ותיאור: דובדבן (ט.ח)<br>כתובת: שקד 20 נהריה<br>מגמה: טרום חובה מ""מ<br>זרם: טרום חובה<br>מגמה2: מ""מ<br>מגמה בקיצור",0.000000000000000,,,,,שבי צפון,טרום חובה,שקד 20 נהריה,"טרום חובה מ""מ",(ט.ח),"מ""מ",דובדבן (ט.ח),"2.0",./0.png
35.0868588,32.9884715,חרוב,"גני ילדים בנהריה תשפ""ד","מספר סדורי: 3<br>איזור: שבי צפון<br>שם הגן ותיאור: חרוב (ח)<br>כתובת: שקד 22 נהריה<br>מגמה: חובה מ""מ <br>זרם: חובה<br>מגמה2: מ""מ<br>מגמה בקיצור: (ח)",0.000000000000000,,,,,שבי צפון,חובה,שקד 22 נהריה,"חובה מ""מ",(ח),"מ""מ",חרוב (ח),"3.0",./0.png
35.0869766,32.9889362,פטל,"גני ילדים בנהריה תשפ""ד","מספר סדורי: 4<br>איזור: שבי צפון<br>שם הגן ותיאור: פטל (ט.ח)<br>כתובת: שקד 24 נהריה<br>מגמה: טרום חובה ממ""ד <br>זרם: טרום חובה<br>מגמה2: ממ""ד<br>מגמה בקיצור:",0.000000000000000,,,,,שבי צפון,טרום חובה,שקד 24 נהריה,"טרום חובה ממ""ד",(ט.ח),"ממ""ד",פטל (ט.ח),"4.0",./1.png
35.0904418,32.9888699,מיתר,"גני ילדים בנהריה תשפ""ד","מספר סדורי: 5<br>איזור: שבי צפון<br>שם הגן ותיאור: מיתר<br>כתובת: שד' שז""ר 13 נהריה<br>מגמה: חינוך מיוחד<br><br>זרם: חינוך מיוחד<br><br>מגמה2: חינוך מיוחד<br>�",0.000000000000000,,,,,שבי צפון,חינוך מיוחד,"שד' שז""ר 13 נהריה",חינוך מיוחד,,חינוך מיוחד,מיתר,"5.0",./2.png
35.0905222,32.9889374,שיר,"גני ילדים בנהריה תשפ""ד","מספר סדורי: 6<br>איזור: שבי צפון<br>שם הגן ותיאור: שיר<br>כתובת: שד' שז""ר 13 נהריה<br>מגמה: חינוך מיוחד<br>זרם: חינוך מיוחד<br>מגמה2: חינוך מיוחד<br>מגמה ב",0.000000000000000,,,,,שבי צפון,חינוך מיוחד,"שד' שז""ר 13 נהריה",חינוך מיוחד,,חינוך מיוחד,שיר,"6.0",./2.png
35.0888224,32.9888219,סול,"גני ילדים בנהריה תשפ""ד","מספר סדורי: 7<br>איזור: שבי צפון<br>שם הגן ותיאור: סול <br>כתובת: שד' שז""ר 44 נהריה<br>מגמה: חינוך מיוחד <br>זרם: חינוך מיוחד<br>מגמה2: חינוך מיוחד<br>מגמה",0.000000000000000,,,,,שבי צפון,חינוך מיוחד,"שד' שז""ר 44 נהריה",חינוך מיוחד,,חינוך מיוחד,סול,"7.0",./2.png
35.087167,32.9889294,חצב,"גני ילדים בנהריה תשפ""ד",מספר סדורי: 8<br>איזור: שבי צפון<br>שם הגן ותיאור: חצב <br>כתובת: שקד 24 נהריה<br>מגמה: חינוך מיוחד <br>זרם: חינוך מיוחד<br>מגמה2: חינוך מיוחד<br>מגמה בקי�,0.000000000000000,,,,,שבי צפון,חינוך מיוחד,שקד 24 נהריה,חינוך מיוחד,,חינוך מיוחד,חצב,"8.0",./2.png
35.087153,32.9884917,יקינתון,"גני ילדים בנהריה תשפ""ד",מספר סדורי: 9<br>איזור: שבי צפון<br>שם הגן ותיאור: יקינתון <br>כתובת: שקד 20  נהריה<br>מגמה: חינוך מיוחד <br>זרם: חינוך מיוחד<br>מגמה2: חינוך מיוחד<br>מגמ�,0.000000000000000,,,,,שבי צפון,חינוך מיוחד,שקד 20  נהריה,חינוך מיוחד,,חינוך מיוחד,יקינתון,"9.0",./2.png
35.0935224,32.9887472,לילך,"גני ילדים בנהריה תשפ""ד",מספר סדורי: 10<br>איזור: שבי צפון<br>שם הגן ותיאור: לילך <br>כתובת: קישון 6 נהריה<br>מגמה: חינוך מיוחד <br>זרם: חינוך מיוחד<br>מגמה2: חינוך מיוחד<br>מגמה �,0.000000000000000,,,,,שבי צפון,חינוך מיוחד,קישון 6 נהריה,חינוך מיוחד,,חינוך מיוחד,לילך,"10.0",./2.png
35.0924703,32.9902735,חרצית,"גני ילדים בנהריה תשפ""ד","מספר סדורי: 11<br>איזור: מנחם בגין <br>שם הגן ותיאור: חרצית (ט.ח)<br>כתובת: גומא 5 נהריה<br>מגמה: טרום חובה מ""מ <br>זרם: טרום חובה<br>מגמה2: מ""מ<br>מגמה בקיצ",0.000000000000000,,,,,מנחם בגין,טרום חובה,גומא 5 נהריה,"טרום חובה מ""מ",(ט.ח),"מ""מ",חרצית (ט.ח),"11.0",./0.png
35.0927002,32.9902854,שחף,"גני ילדים בנהריה תשפ""ד","מספר סדורי: 12<br>איזור: שבי צפון<br>שם הגן ותיאור: שחף (ח)<br>כתובת: גומא 5  נהריה<br>מגמה: חובה מ""מ <br>זרם: חובה<br>מגמה2: מ""מ<br>מגמה בקיצור: (ח)",0.000000000000000,,,,,שבי צפון,חובה,גומא 5  נהריה,"חובה מ""מ",(ח),"מ""מ",שחף (ח),"12.0",./0.png
35.0936178,32.9950011,נופר,"גני ילדים בנהריה תשפ""ד","מספר סדורי: 13<br>איזור: שבי צפון<br>שם הגן ותיאור: נופר (ט.ח)<br>כתובת: לוטם 2  נהריה<br>מגמה: טרום חובה ממ""ד <br>זרם: טרום חובה<br>מגמה2: ממ""ד<br>מגמה בקיצ",0.000000000000000,,,,,שבי צפון,טרום חובה,לוטם 2  נהריה,"טרום חובה ממ""ד",(ט.ח),"ממ""ד",נופר (ט.ח),"13.0",./1.png
35.0934649,32.9950371,לוטם,"גני ילדים בנהריה תשפ""ד","מספר סדורי: 14<br>איזור: שבי צפון<br>שם הגן ותיאור: לוטם (ח)<br>כתובת: לוטם 2  נהריה<br>מגמה: חובה ממ""ד <br>זרם: חובה<br>מגמה2: ממ""ד<br>מגמה בקיצור: (ח)",0.000000000000000,,,,,שבי צפון,חובה,לוטם 2  נהריה,"חובה ממ""ד",(ח),"ממ""ד",לוטם (ח),"14.0",./1.png
35.0929086,32.9929413,פעמונית,"גני ילדים בנהריה תשפ""ד","מספר סדורי: 15<br>איזור: שבי צפון<br>שם הגן ותיאור: פעמונית (ט.ח)<br>כתובת: נופר 19  נהריה<br>מגמה: טרום חובה ממ""ד <br>זרם: טרום חובה<br>מגמה2: ממ""ד<br>מגמה �",0.000000000000000,,,,,שבי צפון,טרום חובה,נופר 19  נהריה,"טרום חובה ממ""ד",(ט.ח),"ממ""ד",פעמונית (ט.ח),"15.0",./1.png
35.0895461,32.9975222,החמנית,"גני ילדים בנהריה תשפ""ד","מספר סדורי: 16<br>איזור: שבי צפון<br>שם הגן ותיאור: החמנית (ט.ח)<br>כתובת: סייפן 1 נהריה<br>מגמה: טרום חובה מ""מ<br>זרם: טרום חובה<br>מגמה2: מ""מ<br>מגמה בקיצ",0.000000000000000,,,,,שבי צפון,טרום חובה,סייפן 1 נהריה,"טרום חובה מ""מ",(ט.ח),"מ""מ",החמנית (ט.ח),"16.0",./0.png
35.0896856,32.9974907,הסייפן,"גני ילדים בנהריה תשפ""ד","מספר סדורי: 17<br>איזור: שבי צפון<br>שם הגן ותיאור: הסייפן (ח)<br>כתובת: סייפן 1 נהריה<br>מגמה: חובה מ""מ<br>זרם: חובה<br>מגמה2: מ""מ<br>מגמה בקיצור: (ח)",0.000000000000000,,,,,שבי צפון,חובה,סייפן 1 נהריה,"חובה מ""מ",(ח),"מ""מ",הסייפן (ח),"17.0",./0.png
35.0891394,32.9922388,סחלב,"גני ילדים בנהריה תשפ""ד","מספר סדורי: 18<br>איזור: שבי צפון<br>שם הגן ותיאור: סחלב (ט.ח)<br>כתובת: דבורנית 16 א'  נהריה<br>מגמה: טרום חובה מ""מ <br>זרם: טרום חובה<br>מגמה2: מ""מ<br>מגמה �",0.000000000000000,,,,,שבי צפון,טרום חובה,דבורנית 16 א'  נהריה,"טרום חובה מ""מ",(ט.ח),"מ""מ",סחלב (ט.ח),"18.0",./0.png
35.0911238,32.9979613,יסמין,"גני ילדים בנהריה תשפ""ד",מספר סדורי: 19<br>איזור: שבי צפון<br>שם הגן ותיאור: יסמין <br>כתובת: ויצמן 119 נהריה<br>מגמה: חינוך מיוחד <br>זרם: חינוך מיוחד<br>מגמה2: חינוך מיוחד<br>מגמ,0.000000000000000,,,,,שבי צפון,חינוך מיוחד,ויצמן 119 נהריה,חינוך מיוחד,,חינוך מיוחד,יסמין,"19.0",./2.png
35.090877,32.9979905,איילת השחר,"גני ילדים בנהריה תשפ""ד","מספר סדורי: 20<br>איזור: שבי צפון<br>שם הגן ותיאור: איילת השחר (ח)<br>כתובת: ויצמן 119 נהריה<br>מגמה: חובה ממ""ד <br>זרם: חובה<br>מגמה2: ממ""ד<br>מגמה בקיצור: (",0.000000000000000,,,,,שבי צפון,חובה,ויצמן 119 נהריה,"חובה ממ""ד",(ח),"ממ""ד",איילת השחר (ח),"20.0",./1.png
35.0950261,32.9971018,צבעוני,"גני ילדים בנהריה תשפ""ד","מספר סדורי: 21<br>איזור: שבי צפון<br>שם הגן ותיאור: צבעוני (ט.ח)<br>כתובת: צבעוני 1  נהריה<br>מגמה: טרום חובה מ""מ <br>זרם: טרום חובה<br>מגמה2: מ""מ<br>מגמה בק",0.000000000000000,,,,,שבי צפון,טרום חובה,צבעוני 1  נהריה,"טרום חובה מ""מ",(ט.ח),"מ""מ",צבעוני (ט.ח),"21.0",./0.png
35.0970345,32.9988008,חן,"גני ילדים בנהריה תשפ""ד",מספר סדורי: 22<br>איזור: שבי צפון<br>שם הגן ותיאור: חן<br>כתובת: לוחמי הגטאות 57 נהריה<br>מגמה: חינוך מיוחד <br>זרם: חינוך מיוחד<br>מגמה2: חינוך מיוחד<br>�,0.000000000000000,,,,,שבי צפון,חינוך מיוחד,לוחמי הגטאות 57 נהריה,חינוך מיוחד,,חינוך מיוחד,חן,"22.0",./2.png
35.0968522,32.9988143,צליל,"גני ילדים בנהריה תשפ""ד",מספר סדורי: 23<br>איזור: שבי צפון<br>שם הגן ותיאור: צליל<br>כתובת: לוחמי הגטאות 57 נהריה<br>מגמה: חינוך מיוחד <br>זרם: חינוך מיוחד<br>מגמה2: חינוך מיוחד<,0.000000000000000,,,,,שבי צפון,חינוך מיוחד,לוחמי הגטאות 57 נהריה,חינוך מיוחד,,חינוך מיוחד,צליל,"23.0",./2.png
35.0887046,32.9970177,מורן,"גני ילדים בנהריה תשפ""ד",מספר סדורי: 24<br>איזור: שבי צפון<br>שם הגן ותיאור: מורן <br>כתובת: בלפור 75  נהריה<br>מגמה: חינוך מיוחד <br>זרם: חינוך מיוחד<br>מגמה2: חינוך מיוחד<br>מגמה,0.000000000000000,,,,,שבי צפון,חינוך מיוחד,בלפור 75  נהריה,חינוך מיוחד,,חינוך מיוחד,מורן,"24.0",./2.png
35.0886858,32.9969255,ניצן,"גני ילדים בנהריה תשפ""ד",מספר סדורי: 25<br>איזור: שבי צפון<br>שם הגן ותיאור: ניצן <br>כתובת: בלפור 75  נהריה<br>מגמה: חינוך מיוחד <br>זרם: חינוך מיוחד<br>מגמה2: חינוך מיוחד<br>מגמה,0.000000000000000,,,,,שבי צפון,חינוך מיוחד,בלפור 75  נהריה,חינוך מיוחד,,חינוך מיוחד,ניצן,"25.0",./2.png
35.0903396,32.9987226,השיטה,"גני ילדים בנהריה תשפ""ד","מספר סדורי: 26<br>איזור: עיר<br>שם הגן ותיאור: השיטה (ט.ח)<br>כתובת: קפלן 31 נהריה נהריה<br>מגמה: טרום חובה מ""מ<br>זרם: טרום חובה<br>מגמה2: מ""מ<br>מגמה בקיצ�",0.000000000000000,,,,,עיר,טרום חובה,קפלן 31 נהריה נהריה,"טרום חובה מ""מ",(ט.ח),"מ""מ",השיטה (ט.ח),"26.0",./0.png
35.0901625,32.9987676,נרקיס,"גני ילדים בנהריה תשפ""ד","מספר סדורי: 27<br>איזור: עיר<br>שם הגן ותיאור: נרקיס (ט.ח)<br>כתובת: קפלן 31 נהריה נהריה<br>מגמה: טרום חובה מ""מ <br>זרם: טרום חובה<br>מגמה2: מ""מ<br>מגמה בקיצ",0.000000000000000,,,,,עיר,טרום חובה,קפלן 31 נהריה נהריה,"טרום חובה מ""מ",(ט.ח),"מ""מ",נרקיס (ט.ח),"27.0",./0.png
35.0900733,33.0009227,ערבה,"גני ילדים בנהריה תשפ""ד","מספר סדורי: 28<br>איזור: עיר<br>שם הגן ותיאור: ערבה (ט.ח)<br>כתובת: רמז 40 נהריה<br>מגמה: טרום חובה מ""מ<br>זרם: טרום חובה<br>מגמה2: מ""מ<br>מגמה בקיצור: (ט.ח)",0.000000000000000,,,,,עיר,טרום חובה,רמז 40 נהריה,"טרום חובה מ""מ",(ט.ח),"מ""מ",ערבה (ט.ח),"28.0",./0.png
35.0899634,33.0008237,הדס,"גני ילדים בנהריה תשפ""ד","מספר סדורי: 29<br>איזור: עיר<br>שם הגן ותיאור: הדס (ח)<br>כתובת: רמז 40 נהריה<br>מגמה: חובה מ""מ <br>זרם: חובה<br>מגמה2: מ""מ<br>מגמה בקיצור: (ח)",0.000000000000000,,,,,עיר,חובה,רמז 40 נהריה,"חובה מ""מ",(ח),"מ""מ",הדס (ח),"29.0",./0.png
35.0898936,33.0009429,לולב,"גני ילדים בנהריה תשפ""ד","מספר סדורי: 30<br>איזור: עיר<br>שם הגן ותיאור: לולב (ח)<br>כתובת: רמז 40 נהריה<br>מגמה: חובה מ""מ <br>זרם: חובה<br>מגמה2: מ""מ<br>מגמה בקיצור: (ח)",0.000000000000000,,,,,עיר,חובה,רמז 40 נהריה,"חובה מ""מ",(ח),"מ""מ",לולב (ח),"30.0",./0.png
35.0911546,33.0040949,רעים,"גני ילדים בנהריה תשפ""ד","מספר סדורי: 31<br>איזור: עיר<br>שם הגן ותיאור: רעים (ח)<br>כתובת: רמז 19 נהריה<br>מגמה: חובה ממ""ד <br>זרם: חובה<br>מגמה2: ממ""ד<br>מגמה בקיצור: (ח)",0.000000000000000,,,,,עיר,חובה,רמז 19 נהריה,"חובה ממ""ד",(ח),"ממ""ד",רעים (ח),"31.0",./1.png
35.0939168,33.0021101,ארבל,"גני ילדים בנהריה תשפ""ד","מספר סדורי: 32<br>איזור: עיר<br>שם הגן ותיאור: ארבל (ח)<br>כתובת: אחד העם 20 נהריה<br>מגמה: חובה מ""מ <br>זרם: חובה<br>מגמה2: מ""מ<br>מגמה בקיצור: (ח)",0.000000000000000,,,,,עיר,חובה,אחד העם 20 נהריה,"חובה מ""מ",(ח),"מ""מ",ארבל (ח),"32.0",./0.png
35.0939356,33.0022293,רביבים,"גני ילדים בנהריה תשפ""ד","מספר סדורי: 33<br>איזור: עיר<br>שם הגן ותיאור: רביבים (ח)<br>כתובת: אחד העם 20 נהריה<br>מגמה: חובה מ""מ <br>זרם: חובה<br>מגמה2: מ""מ<br>מגמה בקיצור: (ח)",0.000000000000000,,,,,עיר,חובה,אחד העם 20 נהריה,"חובה מ""מ",(ח),"מ""מ",רביבים (ח),"33.0",./0.png
35.0936565,33.0027097,רננים,"גני ילדים בנהריה תשפ""ד","מספר סדורי: 34<br>איזור: עיר<br>שם הגן ותיאור: רננים (ט.ח)<br>כתובת: סולד 7 א'  נהריה<br>מגמה: טרום חובה מ""מ <br>זרם: טרום חובה<br>מגמה2: מ""מ<br>מגמה בקיצור: (",0.000000000000000,,,,,עיר,טרום חובה,סולד 7 א'  נהריה,"טרום חובה מ""מ",(ט.ח),"מ""מ",רננים (ט.ח),"34.0",./0.png
35.0936941,33.0026107,ניצנים,"גני ילדים בנהריה תשפ""ד","מספר סדורי: 35<br>איזור: עיר<br>שם הגן ותיאור: ניצנים (ט.ח)<br>כתובת: סולד 7 א'  נהריה<br>מגמה: טרום חובה מ""מ <br>זרם: טרום חובה<br>מגמה2: מ""מ<br>מגמה בקיצור:",0.000000000000000,,,,,עיר,טרום חובה,סולד 7 א'  נהריה,"טרום חובה מ""מ",(ט.ח),"מ""מ",ניצנים (ט.ח),"35.0",./0.png
35.0937692,33.002694,איריס,"גני ילדים בנהריה תשפ""ד","מספר סדורי: 36<br>איזור: עיר<br>שם הגן ותיאור: איריס (ט.ח)<br>כתובת: סולד 7  נהריה<br>מגמה: טרום חובה מ""מ <br>זרם: טרום חובה<br>מגמה2: מ""מ<br>מגמה בקיצור: (ט.�",0.000000000000000,,,,,עיר,טרום חובה,סולד 7  נהריה,"טרום חובה מ""מ",(ט.ח),"מ""מ",איריס (ט.ח),"36.0",./0.png
35.0947604,33.007966,ורד,"גני ילדים בנהריה תשפ""ד","מספר סדורי: 37<br>איזור: עיר<br>שם הגן ותיאור: ורד (ח)<br>כתובת: שביל הגנים 10 נהריה<br>מגמה: חובה מ""מ <br>זרם: חובה<br>מגמה2: מ""מ<br>מגמה בקיצור: (ח)",0.000000000000000,,,,,עיר,חובה,שביל הגנים 10 נהריה,"חובה מ""מ",(ח),"מ""מ",ורד (ח),"37.0",./0.png
35.0952399,33.0101266,דולב,"גני ילדים בנהריה תשפ""ד","מספר סדורי: 38<br>איזור: עיר<br>שם הגן ותיאור: דולב (ט.ח)<br>כתובת: המייסדים 30 נהריה<br>מגמה: טרום חובה מ""מ <br>זרם: טרום חובה<br>מגמה2: מ""מ<br>מגמה בקיצור:",0.000000000000000,,,,,עיר,טרום חובה,המייסדים 30 נהריה,"טרום חובה מ""מ",(ט.ח),"מ""מ",דולב (ט.ח),"38.0",./0.png
35.0938314,33.0042138,קרן שמש,"גני ילדים בנהריה תשפ""ד","מספר סדורי: 39<br>איזור: עיר<br>שם הגן ותיאור: קרן שמש (ט.ח)<br>כתובת: אחד העם 8א נהריה<br>מגמה: טרום חובה ממ""ד<br>זרם: טרום חובה<br>מגמה2: ממ""ד<br>מגמה בקי�",0.000000000000000,,,,,עיר,טרום חובה,אחד העם 8א נהריה,"טרום חובה ממ""ד",(ט.ח),"ממ""ד",קרן שמש (ט.ח),"39.0",./1.png
35.0926635,33.0127476,חבצלת,"גני ילדים בנהריה תשפ""ד","מספר סדורי: 40<br>איזור: צפון העיר <br>שם הגן ותיאור: חבצלת (ח)<br>כתובת: שטיינמץ 19 א נהריה<br>מגמה: חובה מ""מ <br>זרם: חובה<br>מגמה2: מ""מ<br>מגמה בקיצור: (ח)",0.000000000000000,,,,,צפון העיר,חובה,שטיינמץ 19 א נהריה,"חובה מ""מ",(ח),"מ""מ",חבצלת (ח),"40.0",./0.png
35.0926796,33.012869,ברוש,"גני ילדים בנהריה תשפ""ד","מספר סדורי: 41<br>איזור: צפון העיר<br>שם הגן ותיאור: ברוש (ח)<br>כתובת: שטיינמץ 19 א נהריה<br>מגמה: חובה מ""מ <br>זרם: חובה<br>מגמה2: מ""מ<br>מגמה בקיצור: (ח)",0.000000000000000,,,,,צפון העיר,חובה,שטיינמץ 19 א נהריה,"חובה מ""מ",(ח),"מ""מ",ברוש (ח),"41.0",./0.png
35.0954856,33.0128605,כלנית,"גני ילדים בנהריה תשפ""ד","מספר סדורי: 42<br>איזור: צפון העיר<br>שם הגן ותיאור: כלנית (ט.ח)<br>כתובת: גרינבאום 2 נהריה<br>מגמה: טרום חובה מ""מ <br>זרם: טרום חובה<br>מגמה2: מ""מ<br>מגמה �",0.000000000000000,,,,,צפון העיר,טרום חובה,גרינבאום 2 נהריה,"טרום חובה מ""מ",(ט.ח),"מ""מ",כלנית (ט.ח),"42.0",./0.png
35.095499,33.0130246,נורית,"גני ילדים בנהריה תשפ""ד","מספר סדורי: 43<br>איזור: צפון העיר<br>שם הגן ותיאור: נורית (ח)<br>כתובת: גרינבאום 2 נהריה<br>מגמה: חובה מ""מ <br>זרם: חובה<br>מגמה2: מ""מ<br>מגמה בקיצור: (ח)",0.000000000000000,,,,,צפון העיר,חובה,גרינבאום 2 נהריה,"חובה מ""מ",(ח),"מ""מ",נורית (ח),"43.0",./0.png
35.0961684,33.013707,אלון,"גני ילדים בנהריה תשפ""ד","מספר סדורי: 44<br>איזור: צפון העיר<br>שם הגן ותיאור: אלון (ט.ח)<br>כתובת: הרצל 18 נהריה<br>מגמה: טרום חובה ממ""ד <br>זרם: טרום חובה<br>מגמה2: ממ""ד<br>מגמה בקי",0.000000000000000,,,,,צפון העיר,טרום חובה,הרצל 18 נהריה,"טרום חובה ממ""ד",(ט.ח),"ממ""ד",אלון (ט.ח),"44.0",./1.png
35.0962247,33.0137925,אלמוגן,"גני ילדים בנהריה תשפ""ד","מספר סדורי: 45<br>איזור: צפון העיר<br>שם הגן ותיאור: אלמוגן (ט.ח)<br>כתובת: הרצל 18 נהריה<br>מגמה: טרום חובה מ""מ <br>זרם: טרום חובה<br>מגמה2: מ""מ<br>מגמה בקי",0.000000000000000,,,,,צפון העיר,טרום חובה,הרצל 18 נהריה,"טרום חובה מ""מ",(ט.ח),"מ""מ",אלמוגן (ט.ח),"45.0",./0.png
35.0956581,33.0143956,שיבולים,"גני ילדים בנהריה תשפ""ד","מספר סדורי: 47<br>איזור: צפון העיר<br>שם הגן ותיאור: שיבולים (ט.ח)<br>כתובת: גרינבוים 14 נהריה<br>מגמה: טרום חובה מ""מ <br>זרם: טרום חובה<br>מגמה2: מ""מ<br>מג�",0.000000000000000,,,,,צפון העיר,טרום חובה,גרינבוים 14 נהריה,"טרום חובה מ""מ",(ט.ח),"מ""מ",שיבולים (ט.ח),"47.0",./0.png
35.0931548,33.0143811,האור,"גני ילדים בנהריה תשפ""ד","מספר סדורי: 48<br>איזור: צפון העיר<br>שם הגן ותיאור: האור (ח)<br>כתובת: סילבר 24 נהריה<br>מגמה: חובה ממ""ד <br>זרם: חובה<br>מגמה2: ממ""ד<br>מגמה בקיצור: (ח)",0.000000000000000,,,,,צפון העיר,חובה,סילבר 24 נהריה,"חובה ממ""ד",(ח),"ממ""ד",האור (ח),"48.0",./1.png
35.0930395,33.0143766,האשל,"גני ילדים בנהריה תשפ""ד","מספר סדורי: 49<br>איזור: צפון העיר<br>שם הגן ותיאור: האשל (ט.ח)<br>כתובת: סילבר 24 נהריה<br>מגמה: טרום חובה מ""מ <br>זרם: טרום חובה<br>מגמה2: מ""מ<br>מגמה בקיצ",0.000000000000000,,,,,צפון העיר,טרום חובה,סילבר 24 נהריה,"טרום חובה מ""מ",(ט.ח),"מ""מ",האשל (ט.ח),"49.0",./0.png
35.095905,33.01852,אקליפטוס,"גני ילדים בנהריה תשפ""ד","מספר סדורי: 50<br>איזור: עמידר<br>שם הגן ותיאור: אקליפטוס (ט.ח)<br>כתובת: יבנה 3  נהריה<br>מגמה: טרום חובה מ""מ <br>זרם: טרום חובה<br>מגמה2: מ""מ<br>מגמה בקיצ�",0.000000000000000,,,,,עמידר,טרום חובה,יבנה 3  נהריה,"טרום חובה מ""מ",(ט.ח),"מ""מ",אקליפטוס (ט.ח),"50.0",./0.png
35.0979264,33.02073,הדרור,"גני ילדים בנהריה תשפ""ד","מספר סדורי: 51<br>איזור: עמידר<br>שם הגן ותיאור: הדרור (ט.ח)<br>כתובת: ההגנה 22 נהריה<br>מגמה: טרום חובה מ""מ <br>זרם: טרום חובה<br>מגמה2: מ""מ<br>מגמה בקיצור:",0.000000000000000,,,,,עמידר,טרום חובה,ההגנה 22 נהריה,"טרום חובה מ""מ",(ט.ח),"מ""מ",הדרור (ט.ח),"51.0",./0.png
35.0978137,33.0207525,המור,"גני ילדים בנהריה תשפ""ד","מספר סדורי: 52<br>איזור: עמידר<br>שם הגן ותיאור: המור (ח)<br>כתובת: ההגנה 22 נהריה<br>מגמה: חובה מ""מ <br>זרם: חובה<br>מגמה2: מ""מ<br>מגמה בקיצור: (ח)",0.000000000000000,,,,,עמידר,חובה,ההגנה 22 נהריה,"חובה מ""מ",(ח),"מ""מ",המור (ח),"52.0",./0.png
35.097781,33.0161164,השלום,"גני ילדים בנהריה תשפ""ד","מספר סדורי: 53<br>איזור: עמידר<br>שם הגן ותיאור: השלום (ח)<br>כתובת: שפירא 1 נהריה<br>מגמה: חובה ממ""ד <br>זרם: חובה<br>מגמה2: ממ""ד<br>מגמה בקיצור: (ח)",0.000000000000000,,,,,עמידר,חובה,שפירא 1 נהריה,"חובה ממ""ד",(ח),"ממ""ד",השלום (ח),"53.0",./1.png
35.0978615,33.0162086,"חב""ד האורות","גני ילדים בנהריה תשפ""ד","מספר סדורי: 54<br>איזור: עמידר<br>שם הגן ותיאור: חב""ד האורות<br>כתובת: שפירא 1  נהריה<br>מגמה: רב גילאי ממ""ד<br>זרם: רב גילאי <br>מגמה2: ממ""ד<br>מגמה בקיצו�",0.000000000000000,,,,,עמידר,רב גילאי,שפירא 1  נהריה,"רב גילאי ממ""ד",(ר.ג),"ממ""ד","חב""ד האורות","54.0",./1.png
35.0943633,33.0189369,שי,"גני ילדים בנהריה תשפ""ד","מספר סדורי: 55<br>איזור: עמידר<br>שם הגן ותיאור: שי (ח)<br>כתובת: הגדוד העברי 14 נהריה<br>מגמה: חובה מ""מ <br>זרם: חובה<br>מגמה2: מ""מ<br>מגמה בקיצור: (ח)",0.000000000000000,,,,,עמידר,חובה,הגדוד העברי 14 נהריה,"חובה מ""מ",(ח),"מ""מ",שי (ח),"55.0",./0.png
35.1022059,33.0372352,צדף,"גני ילדים בנהריה תשפ""ד","מספר סדורי: 56<br>איזור: אכזיב <br>שם הגן ותיאור: צדף (ט.ח)<br>כתובת: מעגן 13 נהריה<br>מגמה: טרום חובה מ""מ <br>זרם: טרום חובה<br>מגמה2: מ""מ<br>מגמה בקיצור: (ט.",0.000000000000000,,,,,אכזיב,טרום חובה,מעגן 13 נהריה,"טרום חובה מ""מ",(ט.ח),"מ""מ",צדף (ט.ח),"56.0",./0.png
35.1020664,33.0372667,שונית,"גני ילדים בנהריה תשפ""ד","מספר סדורי: 57<br>איזור: אכזיב<br>שם הגן ותיאור: שונית (ח)<br>כתובת: מעגן 13 נהריה<br>מגמה: חובה מ""מ <br>זרם: חובה<br>מגמה2: מ""מ<br>מגמה בקיצור: (ח)",0.000000000000000,,,,,אכזיב,חובה,מעגן 13 נהריה,"חובה מ""מ",(ח),"מ""מ",שונית (ח),"57.0",./0.png
35.1077019,33.011044,רעות,"גני ילדים בנהריה תשפ""ד","מספר סדורי: 58<br>איזור: אריאל שרון<br>שם הגן ותיאור: רעות (ט.ח)<br>כתובת: מלחמת יוה""כ נהריה<br>מגמה: טרום חובה מ""מ <br>זרם: טרום חובה<br>מגמה2: מ""מ<br>מגמה",0.000000000000000,,,,,אריאל שרון,טרום חובה,"מלחמת יוה""כ נהריה","טרום חובה מ""מ",(ט.ח),"מ""מ",רעות (ט.ח),"58.0",./0.png
35.1078295,33.0111207,אהבה,"גני ילדים בנהריה תשפ""ד","מספר סדורי: 59<br>איזור: אריאל שרון<br>שם הגן ותיאור: אהבה (ט.ח)<br>כתובת: מלחמת יוה""כ נהריה<br>מגמה: טרום חובה מ""מ<br>זרם: טרום חובה<br>מגמה2: מ""מ<br>מגמה",0.000000000000000,,,,,אריאל שרון,טרום חובה,"מלחמת יוה""כ נהריה","טרום חובה מ""מ",(ט.ח),"מ""מ",אהבה (ט.ח),"59.0",./0.png
35.1079917,33.011098,מולדת,"גני ילדים בנהריה תשפ""ד","מספר סדורי: 60<br>איזור: אריאל שרון<br>שם הגן ותיאור: מולדת (ח)<br>כתובת: מלחמת יוה""כ נהריה<br>מגמה: חובה מ""מ <br>זרם: חובה<br>מגמה2: מ""מ<br>מגמה בקיצור: (ח)",0.000000000000000,,,,,אריאל שרון,חובה,"מלחמת יוה""כ נהריה","חובה מ""מ",(ח),"מ""מ",מולדת (ח),"60.0",./0.png
35.1080962,33.0109968,אחוה,"גני ילדים בנהריה תשפ""ד","מספר סדורי: 61<br>איזור: אריאל שרון<br>שם הגן ותיאור: אחוה (ח)<br>כתובת: מלחמת יוה""כ נהריה<br>מגמה: חובה מ""מ <br>זרם: חובה<br>מגמה2: מ""מ<br>מגמה בקיצור: (ח)",0.000000000000000,,,,,אריאל שרון,חובה,"מלחמת יוה""כ נהריה","חובה מ""מ",(ח),"מ""מ",אחוה (ח),"61.0",./0.png
35.1119693,33.0138282,חירות,"גני ילדים בנהריה תשפ""ד","מספר סדורי: 62<br>איזור: אריאל שרון<br>שם הגן ותיאור: חירות (ח)<br>כתובת: הצנחנים 2א נהריה<br>מגמה: חובה מ""מ<br>זרם: חובה<br>מגמה2: מ""מ<br>מגמה בקיצור: (ח)",0.000000000000000,,,,,אריאל שרון,חובה,הצנחנים 2א נהריה,"חובה מ""מ",(ח),"מ""מ",חירות (ח),"62.0",./0.png
35.111787,33.0139179,תכלת,"גני ילדים בנהריה תשפ""ד","מספר סדורי: 63<br>איזור: אריאל שרון<br>שם הגן ותיאור: תכלת (ח)<br>כתובת: הצנחנים 2א נהריה<br>מגמה: חובה ממ""ד <br>זרם: חובה<br>מגמה2: ממ""ד<br>מגמה בקיצור: (ח)",0.000000000000000,,,,,אריאל שרון,חובה,הצנחנים 2א נהריה,"חובה ממ""ד",(ח),"ממ""ד",תכלת (ח),"63.0",./1.png
35.1118459,33.0138372,ידידות,"גני ילדים בנהריה תשפ""ד","מספר סדורי: 64<br>איזור: אריאל שרון<br>שם הגן ותיאור: ידידות (ט.ח)<br>כתובת: הצנחנים 2א נהריה<br>מגמה: טרום חובה מ""מ <br>זרם: טרום חובה<br>מגמה2: מ""מ<br>מגמ",0.000000000000000,,,,,אריאל שרון,טרום חובה,הצנחנים 2א נהריה,"טרום חובה מ""מ",(ט.ח),"מ""מ",ידידות (ט.ח),"64.0",./0.png
35.1119251,33.0139303,מורשת,"גני ילדים בנהריה תשפ""ד","מספר סדורי: 65<br>איזור: אריאל שרון<br>שם הגן ותיאור: מורשת (ט.ח)<br>כתובת: הצנחנים 2א נהריה<br>מגמה: טרום חובה ממ""ד <br>זרם: טרום חובה<br>מגמה2: ממ""ד<br>מג",0.000000000000000,,,,,אריאל שרון,טרום חובה,הצנחנים 2א נהריה,"טרום חובה ממ""ד",(ט.ח),"ממ""ד",מורשת (ט.ח),"65.0",./1.png
35.1087961,33.0187425,אודם,"גני ילדים בנהריה תשפ""ד","מספר סדורי: 66<br>איזור: יצחק שמיר<br>שם הגן ותיאור: אודם (ח)<br>כתובת: יוסף שהרי 6<br>מגמה: חובה מ""מ <br>זרם: חובה<br>מגמה2: מ""מ<br>מגמה בקיצור: (ח)",0.000000000000000,,,,,יצחק שמיר,חובה,יוסף שהרי 6,"חובה מ""מ",(ח),"מ""מ",אודם (ח),"66.0",./0.png
35.1087157,33.0187425,ברקת,"גני ילדים בנהריה תשפ""ד","מספר סדורי: 67<br>איזור: יצחק שמיר<br>שם הגן ותיאור: ברקת (ט.ח)<br>כתובת: יוסף שהרי 6<br>מגמה: טרום חובה מ""מ <br>זרם: טרום חובה<br>מגמה2: מ""מ<br>מגמה בקיצור:",0.000000000000000,,,,,יצחק שמיר,טרום חובה,יוסף שהרי 6,"טרום חובה מ""מ",(ט.ח),"מ""מ",ברקת (ט.ח),"67.0",./0.png
35.1087104,33.0186796,יהלום,"גני ילדים בנהריה תשפ""ד","מספר סדורי: 68<br>איזור: יצחק שמיר<br>שם הגן ותיאור: יהלום (ט.ח)<br>כתובת: יוסף שהרי 6<br>מגמה: טרום חובה מ""מ <br>זרם: טרום חובה<br>מגמה2: מ""מ<br>מגמה בקיצו�",0.000000000000000,,,,,יצחק שמיר,טרום חובה,יוסף שהרי 6,"טרום חובה מ""מ",(ט.ח),"מ""מ",יהלום (ט.ח),"68.0",./0.png
35.1087527,33.0248069,יהודה הלוי,"גני ילדים בנהריה תשפ""ד","מספר סדורי: 69<br>איזור: טרומפלדור<br>שם הגן ותיאור: יהודה הלוי <br>כתובת: יהודה המכבי 9  נהריה<br>מגמה: רב גילאי ממ""ד<br>זרם: רב גילאי <br>מגמה2: ממ""ד<br>�",0.000000000000000,,,,,טרומפלדור,רב גילאי,יהודה המכבי 9  נהריה,"רב גילאי ממ""ד",(ר.ג),"ממ""ד",יהודה הלוי,"69.0",./1.png
35.1071323,33.0229952,סביון,"גני ילדים בנהריה תשפ""ד","מספר סדורי: 70<br>איזור: טרומפלדור<br>שם הגן ותיאור: סביון (ח)<br>כתובת: החלוץ 49 נהריה<br>מגמה: חובה מ""מ <br>זרם: חובה<br>מגמה2: מ""מ<br>מגמה בקיצור: (ח)",0.000000000000000,,,,,טרומפלדור,חובה,החלוץ 49 נהריה,"חובה מ""מ",(ח),"מ""מ",סביון (ח),"70.0",./0.png
35.105685,33.0191769,קשת,"גני ילדים בנהריה תשפ""ד",מספר סדורי: 72<br>איזור: טרומפלדור<br>שם הגן ותיאור: קשת<br>כתובת: גוש עציון 4 נהריה<br>מגמה: חינוך מיוחד <br>זרם: חינוך מיוחד<br>מגמה2: חינוך מיוחד<br>מ�,0.000000000000000,,,,,טרומפלדור,חינוך מיוחד,גוש עציון 4 נהריה,חינוך מיוחד,,חינוך מיוחד,קשת,"72.0",./2.png
35.104689,33.0130483,רון,"גני ילדים בנהריה תשפ""ד","מספר סדורי: 73<br>איזור: ממשלתי <br>שם הגן ותיאור: רון (ט.ח)<br>כתובת: קיבוץ גלויות 62 נהריה<br>מגמה: טרום חובה מ""מ <br>זרם: טרום חובה<br>מגמה2: מ""מ<br>מגמה �",0.000000000000000,,,,,ממשלתי,טרום חובה,קיבוץ גלויות 62 נהריה,"טרום חובה מ""מ",(ט.ח),"מ""מ",רון (ט.ח),"73.0",./0.png
35.1026951,33.0088192,רימון,"גני ילדים בנהריה תשפ""ד","מספר סדורי: 74<br>איזור: ממשלתי<br>שם הגן ותיאור: רימון (ח)<br>כתובת: אביר יעקב 11 נהריה<br>מגמה: חובה מ""מ <br>זרם: חובה<br>מגמה2: מ""מ<br>מגמה בקיצור: (ח)",0.000000000000000,,,,,ממשלתי,חובה,אביר יעקב 11 נהריה,"חובה מ""מ",(ח),"מ""מ",רימון (ח),"74.0",./0.png
35.1013776,33.0077735,הוד,"גני ילדים בנהריה תשפ""ד","מספר סדורי: 75<br>איזור: ממשלתי<br>שם הגן ותיאור: הוד תורני <br>כתובת: חנה סנש 4 נהריה<br>מגמה: רב גילאי ממ""ד<br>זרם: רב גילאי<br>מגמה2: ממ""ד<br>מגמה בקיצ�",0.000000000000000,,,,,ממשלתי,רב גילאי,חנה סנש 4 נהריה,"רב גילאי ממ""ד",(ר.ג),"ממ""ד",הוד תורני,"75.0",./1.png
35.1045068,33.0095949,"רמב""ם","גני ילדים בנהריה תשפ""ד","מספר סדורי: 76<br>איזור: ממשלתי<br>שם הגן ותיאור: רמב""ם (ח)<br>כתובת: אביר  יעקב 33 נהריה<br>מגמה: חובה ממ""ד <br>זרם: חובה<br>מגמה2: ממ""ד<br>מגמה בקיצור: (ח)",0.000000000000000,,,,,ממשלתי,חובה,אביר  יעקב 33 נהריה,"חובה ממ""ד",(ח),"ממ""ד","רמב""ם (ח)","76.0",./1.png
35.1059207,33.0022155,אפרוחים,"גני ילדים בנהריה תשפ""ד","מספר סדורי: 77<br>איזור: נהריה <br>הירוקה <br>שם הגן ותיאור: אפרוחים (ט.ח)<br>כתובת: נשר 2 נהריה<br>מגמה: טרום חובה מ""מ <br>זרם: טרום חובה<br>מגמה2: מ""מ<br>מג�",0.000000000000000,,,,,"נהריה 
הירוקה",טרום חובה,נשר 2 נהריה,"טרום חובה מ""מ",(ט.ח),"מ""מ",אפרוחים (ט.ח),"77.0",./0.png
35.1060763,33.0021481,חופית,"גני ילדים בנהריה תשפ""ד","מספר סדורי: 78<br>איזור: נהריה<br>הירוקה<br>שם הגן ותיאור: חופית (ח)<br>כתובת: נשר 2 נהריה<br>מגמה: חובה מ""מ <br>זרם: חובה<br>מגמה2: מ""מ<br>מגמה בקיצור: (ח)",0.000000000000000,,,,,"נהריה
הירוקה",חובה,נשר 2 נהריה,"חובה מ""מ",(ח),"מ""מ",חופית (ח),"78.0",./0.png
35.1108502,33.0069058,חוחית,"גני ילדים בנהריה תשפ""ד","מספר סדורי: 83<br>איזור: נהריה<br>הירוקה<br>שם הגן ותיאור: חוחית (ט.ח)<br>כתובת: זמיר 60 נהריה<br>מגמה: טרום חובה ממ""ד <br>זרם: טרום חובה<br>מגמה2: ממ""ד<br>מג",0.000000000000000,,,,,"נהריה
הירוקה",טרום חובה,זמיר 60 נהריה,"טרום חובה ממ""ד",(ט.ח),"ממ""ד",חוחית (ט.ח),"83.0",./1.png
35.1080294,33.0011751,קנרית,"גני ילדים בנהריה תשפ""ד","מספר סדורי: 84<br>איזור: נהריה<br>הירוקה<br>שם הגן ותיאור: קנרית (ח)<br>כתובת: זמיר 1  נהריה<br>מגמה: חובה ממ""ד <br>זרם: חובה<br>מגמה2: ממ""ד<br>מגמה בקיצור: (�",0.000000000000000,,,,,"נהריה
הירוקה",חובה,זמיר 1  נהריה,"חובה ממ""ד",(ח),"ממ""ד",קנרית (ח),"84.0",./1.png
35.1079006,33.0012043,שלדג,"גני ילדים בנהריה תשפ""ד","מספר סדורי: 85<br>איזור: נהריה<br>הירוקה<br>שם הגן ותיאור: שלדג (ח)<br>כתובת: זמיר 1  נהריה<br>מגמה: חובה ממ""ד <br>זרם: חובה<br>מגמה2: ממ""ד<br>מגמה בקיצור: (ח)",0.000000000000000,,,,,"נהריה
הירוקה",חובה,זמיר 1  נהריה,"חובה ממ""ד",(ח),"ממ""ד",שלדג (ח),"85.0",./1.png
35.1109897,33.0069036,עפרוני,"גני ילדים בנהריה תשפ""ד","מספר סדורי: 88<br>איזור: נהריה<br>הירוקה<br>שם הגן ותיאור: עפרוני (ט.ח)<br>כתובת: זמיר 60 נהריה<br>מגמה: טרום חובה מ""מ <br>זרם: טרום חובה<br>מגמה2: מ""מ<br>מגמ",0.000000000000000,,,,,"נהריה
הירוקה",טרום חובה,זמיר 60 נהריה,"טרום חובה מ""מ",(ט.ח),"מ""מ",עפרוני (ט.ח),"88.0",./0.png
35.1103433,33.007124,עגור,"גני ילדים בנהריה תשפ""ד","מספר סדורי: 89<br>איזור: נהריה<br>הירוקה<br>שם הגן ותיאור: עגור (ח)<br>כתובת: זמיר 60 נהריה<br>מגמה: חובה מ""מ<br>זרם: חובה<br>מגמה2: מ""מ<br>מגמה בקיצור: (ח)",0.000000000000000,,,,,"נהריה
הירוקה",חובה,זמיר 60 נהריה,"חובה מ""מ",(ח),"מ""מ",עגור (ח),"89.0",./0.png
35.1103406,33.0072364,שקנאי,"גני ילדים בנהריה תשפ""ד","מספר סדורי: 90<br>איזור: נהריה<br>הירוקה<br>שם הגן ותיאור: שקנאי (ט.ח)<br>כתובת: זמיר 60 נהריה<br>מגמה: טרום חובה מ""מ<br>זרם: טרום חובה<br>מגמה2: מ""מ<br>מגמה",0.000000000000000,,,,,"נהריה
הירוקה",טרום חובה,זמיר 60 נהריה,"טרום חובה מ""מ",(ט.ח),"מ""מ",שקנאי (ט.ח),"90.0",./0.png
35.1075771,33.0012925,תו,"גני ילדים בנהריה תשפ""ד",מספר סדורי: 91<br>איזור: נהריה<br>הירוקה<br>שם הגן ותיאור: תו <br>כתובת: זמיר 1 א נהריה<br>מגמה: חינוך מיוחד<br>זרם: חינוך מיוחד<br>מגמה2: חינוך מיוחד<br>מ�,0.000000000000000,,,,,"נהריה
הירוקה",חינוך מיוחד,זמיר 1 א נהריה,חינוך מיוחד,,חינוך מיוחד,תו,"91.0",./2.png
35.1075571,33.0011841,תלתן,"גני ילדים בנהריה תשפ""ד",מספר סדורי: 92<br>איזור: נהריה<br>הירוקה<br>שם הגן ותיאור: תלתן <br>כתובת: זמיר 1 א נהריה<br>מגמה: חינוך מיוחד <br>זרם: חינוך מיוחד<br>מגמה2: חינוך מיוחד<b,0.000000000000000,,,,,"נהריה
הירוקה",חינוך מיוחד,זמיר 1 א נהריה,חינוך מיוחד,,חינוך מיוחד,תלתן,"92.0",./2.png
35.1036615,33.0045535,גפן,"גני ילדים בנהריה תשפ""ד","מספר סדורי: 93<br>איזור: שפרינצק<br>שם הגן ותיאור: גפן (ח)<br>כתובת: שד' לוי אשכול 15 נהריה<br>מגמה: חובה מ""מ <br>זרם: חובה<br>מגמה2: מ""מ<br>מגמה בקיצור: (ח)",0.000000000000000,,,,,שפרינצק,חובה,שד' לוי אשכול 15 נהריה,"חובה מ""מ",(ח),"מ""מ",גפן (ח),"93.0",./0.png
35.1039467,33.0037737,הדר תורני,"גני ילדים בנהריה תשפ""ד","מספר סדורי: 94<br>איזור: שפרינצק<br>שם הגן ותיאור: הדר (ט.ח)<br>כתובת: שפרינצק 3 נהריה<br>מגמה: טרום חובה ממ""ד תורני<br>זרם: טרום חובה<br>מגמה2: ממ""ד<br>מג�",0.000000000000000,,,,,שפרינצק,טרום חובה,שפרינצק 3 נהריה,"טרום חובה ממ""ד תורני",(ט.ח),"ממ""ד",הדר (ט.ח),"94.0",./1.png
35.1038233,33.0037827,סיגל,"גני ילדים בנהריה תשפ""ד","מספר סדורי: 95<br>איזור: שפרינצק<br>שם הגן ותיאור: סיגל (ט.ח)<br>כתובת: שפרינצק 3 נהריה<br>מגמה: טרום חובה מ""מ <br>זרם: טרום חובה<br>מגמה2: מ""מ<br>מגמה בקיצ",0.000000000000000,,,,,שפרינצק,טרום חובה,שפרינצק 3 נהריה,"טרום חובה מ""מ",(ט.ח),"מ""מ",סיגל (ט.ח),"95.0",./0.png
35.1017086,32.998343,יפה נוף תורני,"גני ילדים בנהריה תשפ""ד","מספר סדורי: 96<br>איזור: אושיסקין <br>שם הגן ותיאור: יפה נוף (ח)<br>כתובת: יפה נוף 24 נהריה<br>מגמה: חובה תורני <br>זרם: חובה<br>מגמה2: ממ""ד<br>מגמה בקיצור:",0.000000000000000,,,,,אושיסקין,חובה,יפה נוף 24 נהריה,חובה תורני,(ח),"ממ""ד",יפה נוף (ח),"96.0",./1.png
35.1015556,32.9982844,אתרוג תורני,"גני ילדים בנהריה תשפ""ד","מספר סדורי: 97<br>איזור: אושיסקין<br>שם הגן ותיאור: אתרוג (ט.ח)<br>כתובת: יפה נוף 24 נהריה<br>מגמה: טרום חובה תורני<br>זרם: טרום חובה<br>מגמה2: ממ""ד<br>מגמ�",0.000000000000000,,,,,אושיסקין,טרום חובה,יפה נוף 24 נהריה,טרום חובה תורני,(ט.ח),"ממ""ד",אתרוג (ט.ח),"97.0",./1.png
35.1018688,32.9979777,רותם,"גני ילדים בנהריה תשפ""ד","מספר סדורי: 98<br>איזור: אושיסקין<br>שם הגן ותיאור: רותם (ט.ח)<br>כתובת: יפה נוף 28 נהריה<br>מגמה: טרום חובה מ""מ <br>זרם: טרום חובה<br>מגמה2: מ""מ<br>מגמה בקי",0.000000000000000,,,,,אושיסקין,טרום חובה,יפה נוף 28 נהריה,"טרום חובה מ""מ",(ט.ח),"מ""מ",רותם (ט.ח),"98.0",./0.png
35.1000269,32.998398,תומר,"גני ילדים בנהריה תשפ""ד","מספר סדורי: 99<br>איזור: אושיסקין<br>שם הגן ותיאור: תומר (ח)<br>כתובת: חרמון 29 נהריה<br>מגמה: חובה ממ""ד <br>זרם: חובה<br>מגמה2: ממ""ד<br>מגמה בקיצור: (ח)",0.000000000000000,,,,,אושיסקין,חובה,חרמון 29 נהריה,"חובה ממ""ד",(ח),"ממ""ד",תומר (ח),"99.0",./1.png
35.0998111,33.0020205,תמר,"גני ילדים בנהריה תשפ""ד","מספר סדורי: 100<br>איזור: אושיסקין<br>שם הגן ותיאור: תמר (ט.ח)<br>כתובת: שפרינצק 14 נהריה<br>מגמה: טרום חובה מ""מ <br>זרם: טרום חובה<br>מגמה2: מ""מ<br>מגמה בקי",0.000000000000000,,,,,אושיסקין,טרום חובה,שפרינצק 14 נהריה,"טרום חובה מ""מ",(ט.ח),"מ""מ",תמר (ט.ח),"100.0",./0.png
35.0994838,33.0021083,תות,"גני ילדים בנהריה תשפ""ד","מספר סדורי: 101<br>איזור: אושיסקין<br>שם הגן ותיאור: תות (ח)<br>כתובת: שפרינצק 14 נהריה<br>מגמה: חובה מ""מ<br>זרם: חובה<br>מגמה2: מ""מ<br>מגמה בקיצור: (ח)",0.000000000000000,,,,,אושיסקין,חובה,שפרינצק 14 נהריה,"חובה מ""מ",(ח),"מ""מ",תות (ח),"101.0",./0.png
35.1086406,33.0187021,שוהם,"גני ילדים בנהריה תשפ""ד","מספר סדורי: <br>איזור: יצחק שמיר<br>שם הגן ותיאור: שוהם<br>כתובת: יוסף שהרי 6<br>מגמה: חובה מ""מ<br>זרם: ממ""ד<br>מגמה2: מ""מ<br>מגמה בקיצור: (ח)",0.000000000000000,,,,,יצחק שמיר,"ממ""ד",יוסף שהרי 6,"חובה מ""מ",(ח),"מ""מ",שוהם,,./0.png
